split,image_path,label
train,data\processed\synthetic\images\synthetic_0029.jpg,free_flow
train,data\processed\synthetic\images\synthetic_0021.jpg,slow_moving
train,data\processed\synthetic\images\synthetic_0018.jpg,free_flow
train,data\processed\synthetic\images\synthetic_0038.jpg,slow_moving
train,data\processed\synthetic\images\synthetic_0050.jpg,heavy_traffic
train,data\processed\synthetic\images\synthetic_0002.jpg,free_flow
train,data\processed\synthetic\images\synthetic_0085.jpg,slow_moving
train,data\processed\synthetic\images\synthetic_0063.jpg,heavy_traffic
train,data\processed\synthetic\images\synthetic_0087.jpg,free_flow
train,data\processed\synthetic\images\synthetic_0072.jpg,standstill
train,data\processed\synthetic\images\synthetic_0009.jpg,standstill
train,data\processed\synthetic\images\synthetic_0025.jpg,heavy_traffic
train,data\processed\synthetic\images\synthetic_0093.jpg,standstill
train,data\processed\synthetic\images\synthetic_0034.jpg,free_flow
train,data\processed\synthetic\images\synthetic_0061.jpg,slow_moving
train,data\processed\synthetic\images\synthetic_0089.jpg,standstill
train,data\processed\synthetic\images\synthetic_0005.jpg,free_flow
train,data\processed\synthetic\images\synthetic_0036.jpg,slow_moving
train,data\processed\synthetic\images\synthetic_0028.jpg,standstill
train,data\processed\synthetic\images\synthetic_0015.jpg,heavy_traffic
train,data\processed\synthetic\images\synthetic_0023.jpg,standstill
train,data\processed\synthetic\images\synthetic_0052.jpg,heavy_traffic
train,data\processed\synthetic\images\synthetic_0055.jpg,heavy_traffic
train,data\processed\synthetic\images\synthetic_0075.jpg,heavy_traffic
train,data\processed\synthetic\images\synthetic_0080.jpg,standstill
train,data\processed\synthetic\images\synthetic_0010.jpg,free_flow
train,data\processed\synthetic\images\synthetic_0084.jpg,free_flow
train,data\processed\synthetic\images\synthetic_0090.jpg,standstill
train,data\processed\synthetic\images\synthetic_0071.jpg,heavy_traffic
train,data\processed\synthetic\images\synthetic_0035.jpg,slow_moving
train,data\processed\synthetic\images\synthetic_0091.jpg,heavy_traffic
train,data\processed\synthetic\images\synthetic_0045.jpg,free_flow
train,data\processed\synthetic\images\synthetic_0019.jpg,heavy_traffic
train,data\processed\synthetic\images\synthetic_0012.jpg,heavy_traffic
train,data\processed\synthetic\images\synthetic_0048.jpg,heavy_traffic
train,data\processed\synthetic\images\synthetic_0079.jpg,free_flow
train,data\processed\synthetic\images\synthetic_0008.jpg,heavy_traffic
train,data\processed\synthetic\images\synthetic_0040.jpg,slow_moving
train,data\processed\synthetic\images\synthetic_0047.jpg,slow_moving
train,data\processed\synthetic\images\synthetic_0094.jpg,standstill
train,data\processed\synthetic\images\synthetic_0043.jpg,slow_moving
train,data\processed\synthetic\images\synthetic_0062.jpg,slow_moving
train,data\processed\synthetic\images\synthetic_0024.jpg,heavy_traffic
train,data\processed\synthetic\images\synthetic_0011.jpg,standstill
train,data\processed\synthetic\images\synthetic_0064.jpg,heavy_traffic
train,data\processed\synthetic\images\synthetic_0041.jpg,free_flow
train,data\processed\synthetic\images\synthetic_0001.jpg,free_flow
train,data\processed\synthetic\images\synthetic_0074.jpg,standstill
train,data\processed\synthetic\images\synthetic_0000.jpg,free_flow
train,data\processed\synthetic\images\synthetic_0056.jpg,standstill
train,data\processed\synthetic\images\synthetic_0014.jpg,standstill
train,data\processed\synthetic\images\synthetic_0077.jpg,free_flow
train,data\processed\synthetic\images\synthetic_0032.jpg,heavy_traffic
train,data\processed\synthetic\images\synthetic_0065.jpg,heavy_traffic
train,data\processed\synthetic\images\synthetic_0007.jpg,slow_moving
train,data\processed\synthetic\images\synthetic_0095.jpg,slow_moving
train,data\processed\synthetic\images\synthetic_0022.jpg,slow_moving
train,data\processed\synthetic\images\synthetic_0088.jpg,slow_moving
train,data\processed\synthetic\images\synthetic_0017.jpg,free_flow
train,data\processed\synthetic\images\synthetic_0039.jpg,standstill
train,data\processed\synthetic\images\synthetic_0027.jpg,standstill
train,data\processed\synthetic\images\synthetic_0086.jpg,heavy_traffic
train,data\processed\synthetic\images\synthetic_0058.jpg,slow_moving
train,data\processed\synthetic\images\synthetic_0026.jpg,slow_moving
train,data\processed\synthetic\images\synthetic_0082.jpg,heavy_traffic
train,data\processed\synthetic\images\synthetic_0049.jpg,free_flow
train,data\processed\synthetic\images\synthetic_0066.jpg,standstill
val,data\processed\synthetic\images\synthetic_0081.jpg,free_flow
val,data\processed\synthetic\images\synthetic_0083.jpg,free_flow
val,data\processed\synthetic\images\synthetic_0044.jpg,free_flow
val,data\processed\synthetic\images\synthetic_0054.jpg,free_flow
val,data\processed\synthetic\images\synthetic_0067.jpg,free_flow
val,data\processed\synthetic\images\synthetic_0069.jpg,standstill
val,data\processed\synthetic\images\synthetic_0078.jpg,heavy_traffic
val,data\processed\synthetic\images\synthetic_0031.jpg,heavy_traffic
val,data\processed\synthetic\images\synthetic_0076.jpg,free_flow
val,data\processed\synthetic\images\synthetic_0037.jpg,standstill
val,data\processed\synthetic\images\synthetic_0073.jpg,standstill
val,data\processed\synthetic\images\synthetic_0030.jpg,heavy_traffic
val,data\processed\synthetic\images\synthetic_0057.jpg,slow_moving
val,data\processed\synthetic\images\synthetic_0060.jpg,heavy_traffic
test,data\processed\synthetic\images\synthetic_0006.jpg,standstill
test,data\processed\synthetic\images\synthetic_0068.jpg,heavy_traffic
test,data\processed\synthetic\images\synthetic_0051.jpg,free_flow
test,data\processed\synthetic\images\synthetic_0092.jpg,slow_moving
test,data\processed\synthetic\images\synthetic_0033.jpg,slow_moving
test,data\processed\synthetic\images\synthetic_0004.jpg,slow_moving
test,data\processed\synthetic\images\synthetic_0042.jpg,free_flow
test,data\processed\synthetic\images\synthetic_0053.jpg,free_flow
test,data\processed\synthetic\images\synthetic_0046.jpg,free_flow
test,data\processed\synthetic\images\synthetic_0059.jpg,heavy_traffic
test,data\processed\synthetic\images\synthetic_0013.jpg,standstill
test,data\processed\synthetic\images\synthetic_0003.jpg,free_flow
test,data\processed\synthetic\images\synthetic_0070.jpg,standstill
test,data\processed\synthetic\images\synthetic_0020.jpg,slow_moving
test,data\processed\synthetic\images\synthetic_0016.jpg,free_flow
